{
  "threshold": 0.31999999999999984,
  "accuracy": 0.8856416772554002,
  "balanced_accuracy": 0.847702727439136,
  "precision": 0.7368421052631579,
  "recall": 0.7777777777777778,
  "f1": 0.7567567567567568,
  "roc_auc": 0.9389357953505401,
  "pr_auc": 0.765677709478626,
  "ensemble_size": 3,
  "sequence_length": 1024,
  "threshold_selection_rule": "max validation F1 (precision/recall constraints were not both achievable)",
  "training_rows": 12589,
  "validation_rows": 1574,
  "test_rows": 1574,
  "confusion_matrix": {
    "labels": [
      "not_planet",
      "planet"
    ],
    "values": [
      [
        1114,
        100
      ],
      [
        80,
        280
      ]
    ]
  }
}